Repo,Owner,Status
campus_recruitmen_questions,0voice,dead
linux-insides,0xAX,unknown
CompressorQueue,1Danish-00,unknown
developer_quest,2d-inc,dead
Kuai-Shua-Questions,350306878,alive
QingScan,78778443,unknown
Quantumult-X,89996462,alive
iOS-Developer-and-Designer-Interview-Questions,9magnets,dead
jQuery,aamirafridi,unknown
Leetcode-Questions,AbhishekChourasiya,dead
Quiz-App-Flutter,abuanwar072,unknown
node-restful-api-tutorial,academind,dead
road-runner-quickstart,acmerobotics,alive
activeadmin,activeadmin,unknown
stacks-queues,AdaGold,unknown
QuSimPy,adamisntdead,dead
Columnizer-jQuery-Plugin,adamwulf,unknown
backbone-fundamentals,addyosmani,dead
QQ,adiew-code,dead
Daily-Interview-Question,Advanced-Frontend,dead
qbit,advantageous,dead
AeroQuad,AeroQuad,dead
full-stack-interview-questions,aershov24,unknown
AFNetworking,AFNetworking,unknown
Agora-Flutter-Quickstart,AgoraIO-Community,unknown
enzyme,airbnb,unknown
javascript,airbnb,unknown
lottie-android,airbnb,alive
lottie-ios,airbnb,alive
qemu_blog,airbus-seclab,alive
vux,airyland,unknown
video-quality,aizvorski,alive
ace,ajaxorg,alive
awesome-java,akullpp,alive
Alamofire,Alamofire,alive
QSimpleUpdater,alex-spataru,alive
skill-sample-nodejs-quiz-game,alexa-samples,alive
test-repo,Alexander-MacDonald,alive
qr-image,alexeyten,dead
WikiQuiz,alexgreene,unknown
Algo-Quicksheet,algorhythms,dead
hangzhouYunQi2017ppt,Alibaba-Technology,dead
druid,alibaba,unknown
dubbo,alibaba,alive
fastjson,alibaba,unknown
QLExpress,alibaba,alive
weex,alibaba,unknown
AdminLTE,almasaeed2010,alive
ZenQ,alphadose,dead
org-ql,alphapapa,alive
fullPage,alvarotrigo,unknown
amazeui,amazeui,dead
aws-cognito-angular-quickstart,amazon-archives,dead
quickbox-lite,amefs,alive
android-interview-questions,amitshekhariitbhu,alive
redux-query,amplitude,alive
javascript-interview-questions,anburocky3,dead
androidannotations,androidannotations,unknown
bootstrap,angular-ui,dead
ui-router,angular-ui,unknown
angular-starter,AngularClass,unknown
angular,angular,unknown
material,angular,dead
material2,angular,alive
protractor,angular,dead
quickstart,angular,dead
ApiV2-GraphQL-Docs,AniList,alive
DSA-Must-Do-Questions,ankushchimnani,dead
qqgroup-visualization,antime,dead
redis,antirez,alive
InterviewQuestions,anujdevopslearn,alive
500lines,aosabook,dead
incubator-answer,apache,unknown
qpid-proton,apache,alive
apollo-quick-start,apolloconfig,alive
Quizzler-iOS13,appbrewery,dead
a-quick-puzzle,appdev-projects,dead
classroom-queries-debug-v1,appdev-projects,alive
msm-queries-v1,appdev-projects,alive
refactoring-msm-queries-1-v1,appdev-projects,alive
refactoring-msm-queries-2,appdev-projects,alive
swift-evolution,apple,alive
qlbridge,araddon,dead
qrcode,aralejs,dead
Arduino,arduino,unknown
Back-End-Developer-Interview-Questions,arialdomartini,unknown
phantomjs,ariya,dead
system-design-questions,arpitbbhayani,dead
qualitymatters,artem-zinnatullin,dead
qlora,artidoro,dead
node-qt,arturadib,dead
git-quick-stats,arzzen,alive
QRCode,aschuch,dead
Competitive-Programming-questions,ashutosh97,dead
Wine-QQ-TIM,askme765cs,dead
Quick-Chat,aslanyanhaik,dead
beego,astaxie,dead
build-web-application-with-golang,astaxie,unknown
CodeQL,ASTTeam,dead
jQuery-Knob,aterrien,dead
_s,Automattic,unknown
ava,avajs,alive
awesome-go,avelino,alive
visual-qa,avisingh599,dead
react-native-qrcode-svg,awesomejerry,unknown
quickstart-aws-vpc,aws-quickstart,alive
quickstart-linux-bastion,aws-quickstart,alive
aws-amplify-quick-notes,aws-samples,dead
qnabot-on-aws,aws-solutions,alive
aws-athena-query-federation,awslabs,alive
s2n-quic,aws,alive
react-quickly,azat-co,dead
azure-search-openai-demo,Azure-Samples,alive
cognitive-services-quickstart-code,Azure-Samples,unknown
msdocs-python-django-webapp-quickstart,Azure-Samples,alive
msdocs-python-flask-webapp-quickstart,Azure-Samples,alive
service-fabric-dotnet-quickstart,Azure-Samples,dead
AzureStack-QuickStart-Templates,Azure,unknown
pretty-quick,azz,unknown
BaconQrCode,Bacon,alive
AnyQ,baidu,dead
sails,balderdashy,unknown
QtScrcpy,barry-ran,alive
trix,basecamp,alive
CKAD-Practice-Questions,bbachi,dead
ruby-style-guide,bbatsov,alive
frontend-interview-questions,bcherny,alive
CodeIgniter,bcit-ci,unknown
QA-Survey-CN,BDBC-KG-NLP,unknown
bee-queue,bee-queue,alive
postgrest,begriffs,alive
quickjs,bellard,unknown
query-streamlink,BellezaEmporium,unknown
jQuery-Touch-Events,benmajor,unknown
Hunting-Queries-Detection-Rules,Bert-JanP,alive
laravel-query-detector,beyondcode,alive
ijkplayer,Bilibili,unknown
react-native-queue,billmalarky,dead
interview-questions,biloocabba,dead
vue-qr,Binaryify,alive
pyspider,binux,dead
qiandao,binux,unknown
qr-code,bitjson,alive
cordova-plugin-qrscanner,bitpay,dead
QuincyKit,bitstadium,dead
jQuery-Store-Locator-Plugin,bjorn2404,alive
QueenAmdi,BlackAmda,unknown
Queen-Ashiya,BlackPanther-svg,dead
AndroidUtilCode,Blankj,dead
Multi-Level-Feedback-Queue,bloominstituteoftechnology,dead
QuillBot-Premium-Crack,blueagler,alive
jQuery-File-Upload,blueimp,dead
High-Speed-Priority-Queue-for-C-Sharp,BlueRaja,unknown
wanted-pre-onboarding-3-FE-quest,blueStragglr,dead
SmtpClient-for-Qt,bluetiger9,alive
bodymovin,bodymovin,unknown
udemy-REACT-QUERY,bonnie,dead
qboot,bonzini,alive
boot2docker,boot2docker,dead
bower,bower,dead
frontend-guidelines-questionnaire,bradfrost,alive
GPUImage,BradLarson,dead
QSKit,brentsimmons,dead
Qt-Nice-Frameless-Window,Bringer-of-Light,dead
browser-sync,BrowserSync,unknown
goreplay,buger,unknown
qwik,BuilderIO,alive
glide,bumptech,unknown
easy-wg-quick,burghardt,alive
quickcheck,BurntSushi,alive
caffe,BVLC,dead
MingQQ,bywyu,dead
c3,c3js,alive
Cachet,CachetHQ,alive
React-QuizComponent,caike,dead
spring-boot-quartz-scheduler-email-scheduling,callicoder,unknown
Probabilistic-Programming-and-Bayesian-Methods-for-Hackers,CamDavidsonPilon,unknown
You-Dont-Need-jQuery,camsong,unknown
qtcanpool,canpool,alive
async,caolan,unknown
capistrano,capistrano,alive
carrierwave,carrierwaveuploader,alive
Carthage,Carthage,unknown
QQ-Groups-Spider,caspartse,dead
casperjs,casperjs,dead
GoQuiet,cbeuw,dead
QLScript2,ccwav,unknown
cdQA,cdqa-suite,dead
celery,celery,unknown
certbot,certbot,alive
CNPROG,chagel,dead
ai_quant_trade,charliedream1,dead
Chart,chartjs,alive
linux-sysadmin-interview-questions,chassing,dead
cheerio,cheeriojs,alive
Ros_Qt5_Gui_App,chengyangkj,alive
QrCodeScan,chentao0707,alive
iOSInterviewQuestions,ChenYilong,alive
quickadd,chhoumann,alive
quotebox,chilah,dead
php-qrcode,chillerlan,alive
JavaQuarkBBS,ChinaLHR,unknown
marked,chjj,alive
flatpickr,chmln,unknown
jQuery-,chokcoco,dead
uBlock,chrisaljoudi,unknown
quiz-app,chrisblakely01,dead
validator,chriso,unknown
Hack,chrissimpkins,dead
quick-cocos2d-x,chukong,dead
qrbtf,ciaochaos,unknown
QAuxiliary,cinit,alive
pythondict-quant,Ckend,dead
Q2TG,Clansty,alive
qrcp,claudiodangelis,alive
clojurescript,clojure,unknown
quiche,cloudflare,alive
cmder,cmderdev,alive
QuickQanava,cneben,alive
qikqiak,cnych,unknown
CocoaLumberjack,CocoaLumberjack,alive
CocoaPods,CocoaPods,alive
FromJavaScriptTojQuery,Code-Institute-Solutions,dead
qr-code-scanner,code-kotis,dead
QRCoder,codebude,unknown
wsl2-docker-quickstart,codeedu,alive
carouFredSel-jQuery,Codeinwp,dead
Nivo-Slider-jQuery,Codeinwp,unknown
CodeMirror,codemirror,alive
QRec,Coder-Yu,unknown
php-queue,CoderKungfu,unknown
jQueryBadgesProject,codeschool-projects,dead
quote-server,CodeYourFuture,alive
Debugging-jQuery,Codingdojo-Trey,dead
QDarkStyleSheet,ColinDuquesnoy,alive
PHP-Interview-QA,colinlet,dead
jQuery-Mobile-Bootstrap-Theme,commadelimited,dead
compass,Compass,dead
composer,composer,alive
DeepQA,Conchylicultor,unknown
quickfixn,connamara,alive
quorum-examples,Consensys,dead
quickbooks-php,consolibyte,alive
Quantdom,constverum,dead
traefik,containous,unknown
SmartThings_MyQ,copy-ninja,dead
QuantumComputing,corbett,dead
async-rl,coreylynch,dead
Material,CosmicMind,dead
jsQR,cozmo,unknown
Quartz,cq-panda,unknown
unidbg-fetch-qsign,CrackerCat,dead
nvm,creationix,alive
Quantumult-X,crossutility,unknown
react-native-qrcode,cssivision,dead
QmlBook-In-Chinese,cwc1987,unknown
PyQt5,cxinping,dead
android_device_qcom_common,CyanogenMod,dead
android_device_samsung_qcom-common,CyanogenMod,dead
android_hardware_qcom_display,CyanogenMod,dead
android_hardware_qcom_media,CyanogenMod,dead
Qu1cksc0pe,CYB3RMX,alive
q,cycfi,alive
cyclejs,cyclejs,dead
Quintus,cykod,dead
BaseRecyclerViewAdapterHelper,CymChad,alive
Q-calculator,CyrilFeng,alive
qb-web,CzBiX,unknown
ql,cznic,dead
d3-queue,d3,dead
d3,d3,alive
vue-query-builder,dabernathy89,unknown
vue-query,DamianOsipiuk,unknown
ng-file-upload,danialfarid,dead
Charts,danielgindi,unknown
jQuery-Collapse,danielstocks,unknown
quickstarts,dapr,alive
awesome-question-answering,dapurv5,alive
QUEEN-BIXBY-MD-PRO-NEW,darkalphaxteam,unknown
Queen-Elisa-MD-OLD-PROJECT,DarkMakerofc,dead
QUEEN-ELISA-MD,DarkMakerofc,unknown
Queen-AI,DarkWinzo,alive
Queen-MD,DarkWinzo,unknown
query-json,davesnx,alive
react-redux-starter-kit,davezuko,dead
spring-boot-quartz-demo,davidkiss,unknown
qrcodejs,davidshimjs,dead
jQuery-One-Page-Nav,davist11,dead
jQuery-Stickem,davist11,dead
QtXlsxWriter,dbzhang800,unknown
Quad-Sim,dch33,dead
QtSharp,ddobrev,dead
XueQiuSuperSpider,decaywood,alive
qwery,ded,dead
Devops_interview_questions,DeekshithSN,alive
deeplearning4j,deeplearning4j,unknown
QuantumultX-Rewrite,deezertidal,alive
wxapp-qrcode,demi520,dead
Android-Interview-Questions,derekargueta,unknown
awesome-quantum-computing,desireevl,unknown
jQuery-Autocomplete,devbridge,alive
Quest-System-Pro,devdogio,dead
preact,developit,alive
media-queries-afternoon,DevMountain,unknown
quoteBook,DevMountain,dead
linux-sysadmin-interview-questions,devopstrainingblr,dead
qemu-rpi-kernel,dhruvvyas90,dead
qart4j,dieforfree,dead
go-qemu,digitalocean,alive
Queen-Nithya-MD,DileepaTech,dead
weapp-qrcode,dillonlfy,dead
EX-3-SubQueries-Views-and-Joins,dineshgl,dead
quant-notes,dingran,dead
QUEEN-HENTAI,dinuwah,dead
Grokking-the-Coding-Interview-Patterns-for-Coding-Questions,dipjul,unknown
Interview-Questions,Divinreddy,dead
openai-quickstart,DjangoPeng,unknown
QualityScaler,Djdefrag,alive
open-source-ios-apps,dkhamsing,alive
QRCodeReaderView,dlazaro66,dead
quirc,dlbeer,alive
xgboost,dmlc,alive
DevOps-Interview-Questions,DNXLabs,unknown
compose,docker,alive
kitematic,docker,dead
jQuery,DoersGuild,unknown
materialize,Dogfalo,dead
dokku,dokku,alive
Damn-Vulnerable-GraphQL-Application,dolevf,alive
front-end-face-questions,dolymood,dead
go-quai,dominant-strategies,alive
DesignPatternsPHP,domnikl,alive
ESP32_CAMERA_QR,donny681,dead
awesome-interview-questions,DopplerHQ,dead
nestjs-query,doug-martin,unknown
QFramer,dragondjf,dead
drone,drone,alive
QuickLearn,DSC-JSS-NOIDA,dead
SlowQuitApps,dteoh,dead
quote,dtolnay,alive
rust-quiz,dtolnay,alive
quartz-core-learning,dufyun,dead
html5-qrcode,dwa012,alive
qbsolv,dwavesystems,dead
CodeIgniter-PHP-QR-Code,dwisetiyadi,dead
ProvisionQL,ealeksandrov,alive
jQuery2,eanplatter,dead
queue,eapache,alive
qimgv,easymodo,unknown
EasyNetQ,EasyNetQ,alive
free-programming-books,EbookFoundation,alive
Quake3e,ec-,alive
echarts,ecomfe,alive
PR-Pao-de-Queijo-Request,education,dead
q-trader,edwardhdlu,dead
python-quickbooks,ej2,alive
logstash,elastic,alive
electron-webpack-quick-start,electron-userland,unknown
electron-quick-start-typescript,electron,alive
electron-quick-start,electron,alive
element,ElemeFE,unknown
quick4j,Eliteams,dead
EliteQuant,EliteQuant,dead
DeepLearningBookQA_cn,elviswf,dead
QuickApp,emonney,alive
qmqtt,emqx,alive
awesome-react,enaqx,alive
django-rest-framework,encode,unknown
qr-code,endroid,alive
QueryingT-SQL,Engagendy,dead
quick-SQL-cheatsheet,enochtangg,dead
akka-quartz-scheduler,enragedginger,unknown
dropzone,enyo,dead
neovim-qt,equalsraf,alive
material-theme,equinusocio,alive
quagga2,ericblade,alive
SqlQueryStress,ErikEJ,alive
redux-form,erikras,unknown
jQuery,ermouth,alive
QuickDialog,escoz,dead
interview-questions,Eshwardvp,dead
eslint,eslint,alive
QorumLogs,Esqarrouth,dead
arcgis-maps-sdk-samples-qt,Esri,unknown
quickstart-map-js,Esri,dead
QRdecomposition,etjabajasphin,dead
statsd,etsy,unknown
quick-portfolio,evanca,alive
qifi,evgeni,alive
Quantumult_X,evilbutcher,unknown
quiet_assets,evrone,alive
QuickLib,exilon,alive
express,expressjs,dead
fabric,fabric,alive
Queuer,FabrizioBrancati,dead
AsyncDisplayKit,facebookarchive,dead
three20,facebookarchive,dead
create-react-app,facebookincubator,unknown
DPR,facebookresearch,dead
DrQA,facebookresearch,dead
QuaterNet,facebookresearch,dead
folly,facebook,alive
fresco,facebook,alive
immutable-js,facebook,unknown
jest,facebook,alive
osquery,facebook,alive
prepack,facebook,unknown
react,facebook,alive
relay,facebook,alive
rocksdb,facebook,alive
yoga,facebook,alive
qtalk,fanshisha,dead
vim-go,fatih,unknown
keras,fchollet,alive
feathers,feathersjs,alive
qtkaifajingyan,feiyangqingyun,alive
QWidgetDemo,feiyangqingyun,alive
software-testing-interview-question,felix1982,dead
Qt,fengfanchen,alive
qingcheng,fengluo,dead
qiankun-example,fengxianqi,dead
vue-qrcode,fengyuanchen,dead
QNotified,ferredoxin,unknown
interview-questions,fex-team,dead
bootstrap-material-design,FezVrasta,dead
awesome-cpp,fffaraz,alive
fine-uploader,FineUploader,dead
firebase-queue,FirebaseExtended,unknown
quickstart-android,firebase,alive
quickstart-ios,firebase,alive
quickstart-java,firebase,alive
quickstart-js,firebase,alive
quickstart-nodejs,firebase,unknown
quickstart-unity,firebase,alive
flutter-firebase-quizapp-course,fireship-io,dead
quickstart-amazon-eks,firstval,dead
awesome-quality-assurance-roadmap,fityanos,unknown
quirk,Flaque,dead
QLDependency,FlechazoPh,dead
fleetman-queue,fleetman-ci-cd-demo,dead
FLEX,Flipboard,dead
qFlipper,flipperdevices,alive
DRL-FlappyBird,floodsung,dead
FinQuant,fmilthaler,unknown
Quads,fogleman,dead
b2b-commerce-on-lightning-quickstart,forcedotcom,dead
query-server,fossasia,dead
GitQlient,francescmm,alive
ungit,FredrikNoren,alive
freecodecamp,FreeCodeCampChina,dead
Developer_Quiz_Site,freeCodeCamp,alive
frozenui,frozenui,dead
qzxing,ftylitak,unknown
Fuck-XueXiQiangGuo,fuck-xuexiqiangguo,dead
fullcalendar,fullcalendar,alive
Faker,fzaninotto,dead
typed-query-selector,g-plane,unknown
quran-api,gadingnst,dead
react-hot-loader,gaearon,unknown
redux-devtools,gaearon,alive
QtAwesome,gamecreature,alive
123-Essential-JavaScript-Interview-Questions,ganqqwerty,unknown
queryloader2,Gaya,dead
quizizz-cheat,gbaranski,dead
Interview_Questions,GDSC-JSCOE,dead
interview-questions,geektutu,unknown
oc-install-ide-quiz,geoffreyarthaud,dead
qira,geohot,unknown
Wookmark-jQuery,germanysbestkeptsecret,unknown
grav,getgrav,alive
You-Dont-Know-JS,getify,alive
lantern,getlantern,unknown
pelican,getpelican,alive
qtunnel,getqujing,dead
redash,getredash,alive
quinedb,gfredericks,dead
the_silver_searcher,ggreer,dead
jQRangeSlider,ghusse,alive
stackoverflow-java-top-qa,giantray,dead
gin,gin-gonic,unknown
qgis-earthengine-examples,giswqs,dead
gitbook,GitbookIO,unknown
gitignore,github,unknown
hub,github,unknown
qt-1,GLDsuh-a,dead
quicktype-xcode,glideapps,unknown
quicktype,glideapps,unknown
qtmodern,gmarull,alive
kit,go-kit,unknown
qml,go-qml,dead
gogs,gogits,alive
hugo,gohugoio,alive
go-questions,golang-design,unknown
gs-quant,goldmansachs,alive
gollum,gollum,alive
natural-questions,google-research-datasets,dead
container-query-polyfill,GoogleChromeLabs,unknown
quicklink,GoogleChromeLabs,alive
lighthouse,GoogleChrome,alive
quickdraw-dataset,googlecreativelab,alive
quilkin,googleforgames,alive
mirror-quickstart-java,googleglass,dead
mirror-quickstart-python,googleglass,dead
flatbuffers,google,unknown
fonts,google,alive
go-querystring,google,alive
gson,google,alive
guava,google,alive
guetzli,google,dead
iosched,google,unknown
material-design-lite,google,dead
proto-quic,google,dead
tf-quant-finance,google,unknown
traceur-compiler,google,dead
WebFundamentals,google,dead
xi-editor,google,unknown
quiz,gophercises,dead
React-Query-Tutorials,gopinav,dead
uBlock,gorhill,alive
qiniu-wxapp-sdk,gpake,alive
gradle-build-scan-quickstart,gradle,alive
Awesome-Quant-Machine-Learning-Trading,grananqvist,dead
graphql-js,graphql,unknown
NotQuite0DayFriday,grimm-co,unknown
vue-qrcode-reader,gruhn,alive
grunt,gruntjs,alive
boxes-jQuery-playground,gSchool,dead
qrcode-terminal,gtanner,dead
QSS,GTRONICK,dead
Parsley,guillaumepotier,unknown
gulp,gulpjs,unknown
CrystalQuartz,guryanovev,unknown
guzzle,guzzle,unknown
CV_interviews_Q-A,GYee,dead
h2ogpt,h2oai,alive
h2o,h2o,alive
quicly,h2o,alive
awesome-elixir,h4cc,alive
Front-end-Developer-Interview-Questions,h5bp,alive
html5-boilerplate,h5bp,alive
JS-jQuery-Practice,HackerUSA-CE,alive
IQKeyboardManager,hackiftekhar,alive
quark-shell-mac,HackPlan,unknown
reveal,hakimel,alive
hammer,hammerjs,dead
handsontable,handsontable,alive
Mac-QuickLook,haokaiyang,unknown
hapi,hapijs,unknown
Quiver,HappenApps,dead
q,harelba,unknown
chosen,harvesthq,unknown
QuickCut,HaujetZhao,dead
Bloodhound-Custom-Queries,hausec,dead
docker-qemu-win2000,hectorm,alive
QuantumultX,Hedilict,dead
android-tech-frontier,hehonghui,unknown
quark-design,hellof2e,alive
ZeroNet,HelloZeroNet,dead
binance-quantization,hengxuZ,unknown
Fe-Interview-questions,HerbertKarajan,unknown
hexo,hexojs,alive
QTool,Hicores,unknown
touchHLE,hikari-no-yume,alive
jQuery,hilios,dead
QuadriFlow,hjwdzh,dead
Java-interview-questions,Homiss,dead
php-engineer-interview-questions,hookover,dead
kaggle-quora-question-pairs,HouJP,dead
botkit,howdyai,dead
awesome-model-quantization,htqin,alive
quora,huacnlee,dead
quark-h5,huangwei9527,alive
hubot,hubotio,alive
tether,HubSpot,alive
huginn,huginn,unknown
QuantsPlaybook,hugo2046,unknown
QuranOnAndroid,hussien89aa,unknown
QssStylesheetEditor,hustlei,alive
notion-qa,hwchase17,unknown
qr,iAJue,dead
data-science-interview-questions-and-answers,iamtodor,unknown
jQuery-Parallax,IanLunn,dead
qkfls-Movie-Reviews-Database,ibm-developer-skills-network,unknown
TaskQueue,icanzilb,dead
Quake,id-Software,dead
quake2-rerelease-dll,id-Software,alive
image-quality-assessment,idealo,dead
IdentityServer4,IdentityServer,unknown
jQuery-Mask-Plugin,igorescobar,dead
hexo-theme-next,iissnan,unknown
java-design-patterns,iluwatar,alive
qb-vehicleshop,ImpulseFPS,dead
JavaInterviewQuestionsAndAnswers,in28minutes,dead
readpilot,index-labs,dead
qttabbar,indiff,alive
Full-stack-Developer-Interview-Questions-and-Answers,indy256,unknown
inferno,infernojs,alive
prometheus-example-queries,infinityworks,dead
jQuery-webcam,infusion,dead
quakejs,inolen,unknown
qrpay,insoxin,unknown
instapy-quickstart,InstaPy,dead
goQuality-dev-contents,Integerous,unknown
quero-ser,intelitrader,alive
QuickBooks-V3-PHP-SDK,intuit,unknown
Qigsaw,iqiyi,dead
2023_IonQ_Remote,iQuHACK,dead
qnap-alist-webdav,iranee,alive
lab-advance-querying-mongo,ironhack-labs,alive
toxcore,irungentoo,dead
CppCoreGuidelines,isocpp,alive
isucon7-qualify,isucon,dead
isucon9-qualify,isucon,dead
int-buzzfeed-quiz-18-19-starter,itscodenation,dead
React-Questions,itwk,dead
iview,iview,dead
quicksort17,j-michaliszyn,dead
quantitative,Jack-Cherish,unknown
qucsdk,jack416,dead
quantumcomputingbook,JackHidary,dead
AndroidInterview-Q-A,JackyAndroid,alive
quartz,jackyzha0,alive
QuiltViewLibrary,jacobmoncur,dead
sigma,jacomyal,unknown
QueryList,jae-jae,dead
Interview_Question_for_Beginner,JaeYeopHan,alive
qbt-theme,jagannatharjun,dead
awesome-shodan-queries,jakejarvis,dead
ePub-quicklook,jaketmp,dead
ActionBarSherlock,JakeWharton,dead
butterknife,JakeWharton,dead
httpie,jakubroztocil,alive
AudioQR,jamesonrader,dead
Build-A-Quiz-App-With-HTML-CSS-and-JavaScript,jamesqquick,alive
quixote,jamesshore,unknown
CsQuery,jamietre,dead
QUEEN-NILU-MD,Janithsadanuwan,alive
TaoQuick,jaredtao,unknown
backbone,jashkenas,unknown
coffeescript,jashkenas,unknown
underscore,jashkenas,unknown
jasmine,jasmine,alive
PyQt5-YOLOv5,Javacr,unknown
data-science-question-answer,jayinai,alive
awesome-mac,jaywcjlove,alive
jboss-eap-quickstarts,jboss-developer,alive
jboss-picketlink-quickstarts,jboss-developer,dead
openshift-quickstarts,jboss-openshift,unknown
NodeGraphQt,jchanvfx,alive
ql_all,JDWXX,alive
quant-trading,je-suis-tm,unknown
starter-quotes,jedi-academy,dead
react-select,JedWatson,unknown
osqa,jeffreywugz,dead
priority-queue,Jeka98,dead
jekyll,jekyll,alive
jquery-qrcode,jeromeetienne,dead
JSQMessagesViewController,jessesquires,dead
queue,jessetane,alive
awesome-qt,JesseTG,unknown
SlickQuiz,jewlofthelotus,dead
jQuery,jfeldstein,dead
bulma,jgthms,alive
nativefier,jiahaog,alive
vue2-MiniQQ,jiangqizheng,alive
120-DS-Interview-Questions,JifuZhao,unknown
node-interview-questions,jimuyouyou,alive
go-queryset,jirfag,dead
the-art-of-command-line,jlevy,unknown
streisand,jlund,dead
q3vm,jnz,alive
react-qr-reader,JodusNodus,unknown
queueing-theory,joelparkerhenderson,alive
query-monitor,johnbillion,alive
Aerial,JohnCoates,alive
SwiftSideslipLikeQQ,johnlui,dead
angular-styleguide,johnpapa,dead
8-0-media-queries-lab,joinpursuit,unknown
awesome-visual-question-answering,jokieleung,unknown
awesome-react-native,jondot,dead
react-native-quick-actions,jordanbyron,dead
fpm,jordansissel,unknown
Qt-Frameless-Window-DarkStyle,Jorgen-VikingGod,unknown
quill,joschan21,dead
awesome-machine-learning,josephmisiti,alive
jQuery-SlotMachine,josex2r,alive
quantmod,joshuaulrich,alive
quiz-2015,jquemada,dead
jquery-ui,jquery,unknown
jquery,jquery,unknown
qutip-lectures,jrjohansson,unknown
jQuery,JsAaron,dead
jshint,jshint,dead
QQMusicApi,jsososo,dead
Java-interview-question,jujunchen,unknown
qr_code_scanner,juliuscanute,unknown
The-Art-Of-Programming-By-July,julycoding,unknown
QtBitcoinTrader,JulyIghor,alive
fzf,junegunn,alive
qtconsole,jupyter,alive
qView,jurplel,unknown
quickjs-emscripten,justjake,unknown
pandas-videos,justmarkham,alive
coding-interview-university,jwasham,alive
android_hardware_qcom_audio,Kali-,dead
jQuery-menu-aim,kamens,dead
kaminari,kaminari,alive
developer-roadmap,kamranahmedse,alive
fabric,kangax,alive
design-questions,kanmaytacker,unknown
karma,karma-runner,unknown
reinforcejs,karpathy,dead
iris,kataras,alive
quietnet,Katee,unknown
Queen-Elisa-Md-V2,kawee208,dead
qrcode-generator,kazuhikoarase,unknown
qart,kciter,alive
cxx-qt,KDAB,alive
rust-qt-binding-generator,KDE,alive
data-structures-questions,KeKe-Li,alive
QRGen,kenglxn,unknown
Llama-2-Open-Source-LLM-CPU-Inference,kennethleungty,dead
python-guide,kennethreitz,unknown
interview-questions-in-javascript,kennymkchan,dead
quill-image-resize-module,kensnyder,dead
deep-q-learning,keon,dead
40-questions,kepano,alive
quiver,keplr-io,dead
android-training-course-in-chinese,kesenhoo,dead
QuestionWechatApp,kesixin,alive
Quiz_week_8,Kevin-ICT,unknown
SmartHome-Qt,kevinlq,alive
keycloak-quickstarts,keycloak,alive
stock_market_reinforcement_learning,kh-kim,dead
front-end-Interview-Questions,khan4019,alive
php-qrcode-detector-decoder,khanamiryan,unknown
awesome-selfhosted,Kickball,alive
DarQ,KieronQuinn,dead
engineering-blogs,kilimchoi,unknown
ngx-quill,KillerCodeMonkey,alive
Unity-QuickSheet,kimsama,dead
RoslynQuoter,KirillOsenkov,alive
QQCleaner,KitsunePie,dead
QuantumultX,kjfx,alive
quick-notes,kkemple,dead
qoa,klaudiosinani,dead
quant-ux,KlausSchaefers,alive
qengine,klaussilveira,alive
qc-mobile,kluivers,dead
awesome-algorithm-question-solution,knightsj,dead
knockout,knockout,dead
mermaid,knsv,alive
koa,koajs,alive
shellcheck,koalaman,alive
qr-designer,kochrt,dead
django-q,Koed00,dead
120-Data-Science-Interview-Questions,kojino,dead
spring-mvc-quickstart-archetype,kolorobot,dead
vkQuake2,kondrak,unknown
Qure,Koolson,dead
QuantumultX-Surge-API,KOP-XIAO,dead
QuantumultX,KOP-XIAO,unknown
qss,kosukeimai,alive
anko,Kotlin,dead
qr-code-styling,kozakdenys,dead
quaternion,Krasjet,dead
LeetCode-Questions-CompanyWise,krishnadey30,alive
awesome-quantum-machine-learning,krishnakumarsekar,dead
q,kriskowal,unknown
backend-interview-question,ksundong,alive
DeepMind-Atari-Deep-Q-Learner,kuz,dead
coolq-http-api,kyubotics,dead
attestation-deplacement-derogatoire-q4-2020,LAB-MI,dead
echo,labstack,alive
QuickNovel,LagradOst,alive
qdaily_backup,LampScript,dead
questions-answers,LandmakTechnology,alive
quickadmin,LaravelDaily,dead
laravel,laravel,alive
quickstart-basic,laravel,dead
quickstart-intermediate,laravel,dead
QuickReturnListView,LarsWerkman,dead
qt-material-widgets,laserpants,unknown
Stock_Analysis_For_Quant,LastAncientOne,alive
QuestPatcher,Lauriethefish,alive
QuickReturn,lawloretienne,unknown
QuantLib-SWIG,lballabio,alive
jQuery-Selectric,lcdsantos,dead
Leaflet,Leaflet,alive
quicktest,Leagify,dead
active-record-querying-methods-lab,learn-co-curriculum,dead
dsc-lingalg-linear-equations-quiz,learn-co-curriculum,dead
dsc-sql-interview-questions-lab,learn-co-curriculum,alive
js-quotes-practice,learn-co-curriculum,dead
mod-1-discussion-questions-collections-and-classes,learn-co-curriculum,unknown
phase-0-the-dom-query-selector-methods,learn-co-curriculum,alive
phase-1-javascript-quotes-practice,learn-co-curriculum,alive
phase-3-active-record-querying-methods-lab,learn-co-curriculum,dead
phase-3-sql-queries,learn-co-curriculum,unknown
phase-4-data-structures-queue-from-stack,learn-co-curriculum,dead
python-p3-sql-queries,learn-co-curriculum,dead
queue-with-nodes,learn-co-curriculum,alive
quicksort,learn-co-curriculum,alive
quote-maker-react-lab,learn-co-curriculum,unknown
react-hooks-redux-quote-lab,learn-co-curriculum,alive
what-is-a-queue,learn-co-curriculum,alive
classes-and-instances-lab-ruby-q-000,learn-co-students,dead
first-lab-ruby-learn-cli-ile-q-000,learn-co-students,dead
first-lab-ruby-learn-cli-nitrous-q-000,learn-co-students,dead
first-lab-ruby-learn-cli-osx-q-000,learn-co-students,dead
greeting-cli-q-000,learn-co-students,dead
hello-world-ruby-q-000,learn-co-students,dead
instance-methods-lab-ruby-q-000,learn-co-students,unknown
interpolation-super-power-q-000,learn-co-students,dead
intro-to-tdd-rspec-and-learn-q-000,learn-co-students,dead
looping-while-until-q-000,learn-co-students,dead
oo-barking-dog-q-000,learn-co-students,dead
oo-tic-tac-toe-q-000,learn-co-students,unknown
project-euler-multiples-3-5-q-000,learn-co-students,dead
quote-maker-react-lab-online-web-sp-000,learn-co-students,dead
quote-maker-react-lab-v-000,learn-co-students,dead
rspec-fizzbuzz-q-000,learn-co-students,unknown
ruby-gets-input-q-000,learn-co-students,dead
ruby-lecture-reading-error-messages-q-000,learn-co-students,unknown
ruby-object-attributes-lab-q-000,learn-co-students,unknown
ruby-object-initialize-lab-q-000,learn-co-students,unknown
ruby-variable-assignment-q-000,learn-co-students,unknown
say-hello-ruby-q-000,learn-co-students,dead
tic-tac-toe-rb-q-000,learn-co-students,unknown
ttt-1-welcome-rb-q-000,learn-co-students,unknown
ttt-10-current-player-q-000,learn-co-students,dead
ttt-2-board-rb-q-000,learn-co-students,dead
ttt-4-display-board-rb-q-000,learn-co-students,dead
ttt-5-move-rb-q-000,learn-co-students,dead
ttt-6-position-taken-rb-q-000,learn-co-students,dead
ttt-7-valid-move-q-000,learn-co-students,dead
ttt-8-turn-q-000,learn-co-students,dead
ttt-9-play-loop-q-000,learn-co-students,dead
ttt-game-status-q-000,learn-co-students,dead
InterviewQuestion,leerduo,dead
mojs,legomushroom,alive
qianghongbao,lendylongli,dead
vue-qq,lensh,unknown
Qt,lesliefish,dead
less,less,unknown
QuantResearch,letianzj,alive
SOC-Interview-Questions,LetsDefend,unknown
quiescent,levand,dead
seqtk,lh3,alive
iina,lhc70000,alive
QFramework,liangxiegame,alive
iOS-InterviewQuestion-collection,liberalisman,unknown
libuv,libuv,alive
LightTable,LightTable,unknown
iOS-Developer-Interview-Questions,limboy,dead
lime,limetext,unknown
python-qrcode,lincolnloop,unknown
android_hardware_qcom_audio,LineageOS,dead
android_hardware_qcom_display,LineageOS,unknown
android_hardware_qcom_media,LineageOS,dead
qiji-font,LingDong-,dead
qark,linkedin,dead
docker-qbittorrent,linuxserver,alive
LiteLoaderQQNT,LiteLoaderQQNT,dead
QASystemOnMedicalKG,liuhuanyong,unknown
QQSpider,LiuXingMing,dead
quick-media,liuyueyi,unknown
qs,ljharb,alive
localForage,localForage,unknown
QANet,localminimum,dead
qpth,locuslab,alive
lodash,lodash,unknown
quizzler-flutter,londonappbrewery,dead
Quantitative-Notebooks,LongOnly,dead
NewQuickAction,lorensiuswlt,dead
NewQuickAction3D,lorensiuswlt,dead
jquery-qrcode,lrsjng,unknown
chatgpt-mirai-qq-bot,lss233,unknown
jQCloud,lucaong,unknown
vector-quantize-pytorch,lucidrains,alive
awesome-remote-job,lukasz-madon,unknown
queues,lukaszx0,dead
query-key-factory,lukemorales,unknown
quotable,lukePeavey,unknown
qtermwidget,lxqt,alive
javascript-questions,lydiahallie,alive
qBittorrentDarktheme,maboroshin,alive
QuickSnap,macite,dead
zepto,madrobby,dead
MagicalRecord,magicalpanda,dead
quibble,maharmstone,alive
PyQt-Chinese-tutorial,maicss,alive
Mailpile,mailpile,alive
quine-relay,mame,alive
radiation-hardened-quine,mame,dead
QuadrupedRobot,mangdangroboticsclub,unknown
Mantle,Mantle,unknown
css-element-queries,marcj,dead
QLVideo,Marginal,alive
backbone,marionettejs,unknown
awesome-ruby,markets,alive
qs_ledger,markwk,dead
react-native-qrcode-scanner-view,MarnoDev,dead
quokka,marsupialtail,unknown
qUINT,martymcmodding,alive
kong,Mashape,alive
hibernate-criteria-query,mate-academy,alive
jv-multithreading-blocking-queue,mate-academy,alive
py-chat-queries,mate-academy,dead
qa_cypress_e2e_book_store,mate-academy,alive
qa_cypress_e2e_intro,mate-academy,alive
qa_cypress_e2e_simple_auth,mate-academy,alive
qa_cypress_e2e_student_registration_form,mate-academy,alive
qa_page_object,mate-academy,dead
jQuery-Seat-Charts,mateuszmarkowski,dead
bitbar,matryer,alive
awesome-swift,matteocrippa,alive
graph,matthewmueller,unknown
snake-ga,maurock,dead
atomic_queue,max0x7ba,alive
Stackoverflow-Clone-Frontend,Mayank0255,dead
Queryable,mazzzystar,alive
jQuery,mbielanczuk,dead
awesome-quarto,mcanouil,unknown
node-quickbooks,mcohen01,alive
html5-qrcode,mebjas,alive
Linux-to-Windows-with-QEMU,mediabots,dead
c-binance-futures-quant,Melelery,alive
Log4Qt,MEONMedical,unknown
meta-qt5,meta-qt5,alive
qryn,metrico,alive
Qt-Advanced-Docking-System,mfreiholz,dead
ngx-quicklink,mgechev,unknown
qsforex,mhallsmoore,dead
qstrader,mhallsmoore,unknown
the-holy-quran-app,mhmzdev,alive
caddy,mholt,alive
quartz-mongodb,michaelklishin,unknown
qagnn,michiyasunaga,dead
queue-master,microservices-demo,unknown
dotnet,Microsoft,alive
Microsoft-365-Defender-Hunting-Queries,microsoft,dead
qlib,microsoft,unknown
qsharp-compiler,microsoft,unknown
Quantum,microsoft,unknown
QuantumKatas,microsoft,alive
QuantumLibraries,microsoft,unknown
awesome-qt-qml,mikalv,alive
mongodb-quickstart-course,mikeckennedy,dead
MaterialDrawer,mikepenz,unknown
minio,minio,alive
UglifyJS,mishoo,unknown
UglifyJS2,mishoo,unknown
jQuery-QueryBuilder,mistic100,alive
mithril,MithrilJS,unknown
mitmproxy,mitmproxy,alive
stage1-module4-collections-task4-queue,mjc-school,unknown
react-native-qrcode-scanner,moaazsidat,unknown
mosh,mobile-shell,unknown
quaternion,moble,unknown
mobx,mobxjs,alive
QuJing,Mocha-L,alive
mocha,mochajs,alive
quillman,modal-labs,alive
Modernizr,Modernizr,alive
quick-picture-viewer,ModuleArt,dead
qksms,moezbhatti,dead
moment,moment,unknown
nodejs-quickstart,mongodb-developer,unknown
Back-End-Developer-Interview-Questions,monklof,dead
moonlight-qt,moonlight-stream,unknown
jQuery-ajaxTransport-XDomainRequest,MoonScript,dead
styled-media-query,morajabi,dead
quadplay,morgan3d,alive
PeiQi-WIKI-POC,MornS0,dead
Qt,mottosso,unknown
quicssh,moul,alive
firefox-ios,mozilla-mobile,alive
BrowserQuest,mozilla,dead
metrics-graphics,mozilla,unknown
sidekiq,mperham,alive
QueenNilu,Mrkoshitha,dead
ZoteroQuickLook,mronkko,alive
450-DSA-Questions,mrpkdeveloper,unknown
jsPDF,MrRio,unknown
QuickShot,Muddz,dead
quiz-3-im-laravel-juni-2020,muhammadaliyya19,dead
qemu-user-static,multiarch,unknown
PyQt_practice,muziing,dead
PromiseKit,mxcl,unknown
quake_watch,MyOwnClone,dead
mysql,mysqljs,dead
leetcode_company_wise_questions,MysteryVaibhav,dead
quietweather,myvin,alive
axios,mzabriskie,alive
typeofnan-javascript-quizzes,nas5w,dead
Quttons,nashvail,dead
q,natesales,alive
storm,nathanmarz,dead
NativeScript,NativeScript,unknown
natural,NaturalNode,alive
QR-Code-generator,nayuki,alive
nbQA,nbQA-dev,unknown
QBImagePicker,nek023,dead
QBPopupMenu,nek023,dead
qrious,neocotic,dead
falcor,Netflix,dead
Hystrix,Netflix,unknown
netty,netty,alive
jQuery-Mapael,neveldo,unknown
Newbe,newbe36524,dead
jwp-qna,next-step,dead
quora-clone,NextAcademy,dead
quill-image-extend-module,NextBoy,dead
NiceHashQuickMiner,nicehash,alive
quickcheck,nick8325,unknown
plaid,nickbutcher,dead
glances,nicolargo,alive
nightwatch,nightwatchjs,alive
popular-movie-quotes,NikhilNamal17,dead
html2canvas,niklasvh,unknown
qr-scanner,nimiq,unknown
NLP_Quickbook,NirantK,dead
compromise,nlp-compromise,unknown
jQuery-MultiSelect,nobleclem,alive
node-http-proxy,nodejitsu,dead
nodemailer,nodemailer,alive
node_redis,NodeRedis,unknown
Framework7,nolimits4web,unknown
Swiper,nolimits4web,alive
2024QuantInternships,northwesternfintech,unknown
Android-Universal-Image-Loader,nostra13,unknown
vkQuake,Novum,dead
npm,npm,unknown
nsq,nsqio,alive
qaac,nu774,alive
QLTools,nuanxinqing123,alive
the-swift-programming-language-in-chinese,numbbbbb,unknown
thefuck,nvbn,unknown
Q2RTX,NVIDIA,alive
nw,nwjs,alive
nylas-mail,nylas,dead
qlImageSize,Nyx0uf,alive
OpenAPI-Specification,OAI,alive
data-engineering-interview-questions,OBenner,alive
maintainer-quality-tools,OCA,unknown
queue,OCA,alive
QBox,OCNYang,alive
imgui,ocornut,alive
vue-quasar-admin-example,odranoelBR,unknown
QMD_Android,OJZen,dead
querido-diario,okfn-brasil,alive
FAANG-Coding-Interview-Questions,ombharatiya,dead
Android_QA,Omooo,unknown
gameQuery,onaluf,alive
Kingfisher,onevcat,alive
iOS-Interview-Questions,onthecodepath,unknown
og-aws,open-guides,dead
Quell,open-source-labs,unknown
computer-science,open-source-society,alive
openai-quickstart-node,openai,alive
openai-quickstart-python,openai,unknown
plugins-quickstart,openai,dead
OpenEmu,OpenEmu,unknown
quark,OpenGenus,dead
wordpress-quickstart,openshift-evangelists,dead
openshot-qt,OpenShot,unknown
The-Art-of-Asking-ChatGPT-for-High-Quality-Answers-A-complete-Guide-to-Prompt-Engineering-Technique,ORDINAND,dead
html-query,orf,alive
QPanda-2,OriginQ,unknown
QuantumultX,Orz-3,unknown
QLScript2-1,ossfile,dead
delay-queue,ouqiang,dead
qqwry,out0fmemory,dead
GraphQLBundle,overblog,alive
QRLJacking,OWASP,alive
QCSuper,P1sec,alive
Front-end-Web-Development-Interview-Question,paddingme,dead
RocketQA,PaddlePaddle,dead
Queen-X,pakoaaaaaa,dead
flask,pallets,alive
quart,pallets,unknown
qqbot,pandolia,dead
paper,paperjs,unknown
qml-material,papyros,dead
parse-server,parse-community,alive
quickmenu,passivestar,unknown
question_generation,patil-suraj,unknown
qrcode,PaulKinlan,dead
use-query-params,pbeshai,unknown
PeiQi-WIKI-Book,PeiQi0,unknown
QuanX,Peng-YM,dead
Project-Quantum,peng-zhihui,dead
Queue,PEPLabs,alive
bluebird,petkaantonov,unknown
libpg_query,pganalyze,alive
pg_query,pganalyze,alive
pg_query_go,pganalyze,alive
koel,phanan,unknown
vimium,philc,alive
MPAndroidChart,PhilJay,dead
q1k3,phoboslab,dead
qoa,phoboslab,alive
qoi,phoboslab,alive
phoenix,phoenixframework,alive
fig-standards,php-fig,unknown
PHPMailer,PHPMailer,alive
PHPExcel,PHPOffice,dead
AI-Q2-learning-resources,piaic-official,dead
qfc,pindexis,dead
querybook,pinterest,alive
pixi,pixijs,unknown
jQuery-MD5,placemarker,dead
quickstart,plaid,alive
devise,plataformatec,alive
simple_form,plataformatec,alive
qdao-smartcontract-qdao-locker,platinum-engineering,dead
InterviewQuestions,pmwarhade,dead
PocketHub,pockethub,dead
server-bot-quick-start,poe-platform,alive
FE-Interview-Questions,poetries,alive
polymer,Polymer,dead
jQuery-Validation-Engine,posabsolute,unknown
postcss,postcss,unknown
hiring-without-whiteboards,poteto,unknown
pouchdb,pouchdb,alive
powerline,powerline,unknown
PowerShell,PowerShell,alive
quasar-admin,pratik227,alive
qmc-decoder,Presburger,unknown
prettier,prettier,alive
quaint,prisma,dead
JavaScriptCodingInterviewQuestions,priya42bagde,unknown
ProjectQ,ProjectQ-Framework,dead
trading-bot,pskrunner14,dead
pug,pugjs,dead
quasar,puniverse,dead
phpQuery,punkave,dead
pyenv,pyenv,alive
PyQt,PyQt5,alive
qwest,pyrsmk,unknown
QNNPACK,pytorch,dead
QGrid,Q-Mobile,dead
question2answer,q2a,unknown
qalculate-gtk,Qalculate,alive
qawolf,qawolf,unknown
qb64,QB64Team,dead
qb-adminmenu,qbcore-framework,alive
qb-ambulancejob,qbcore-framework,alive
qb-apartments,qbcore-framework,alive
qb-banking,qbcore-framework,alive
qb-bankrobbery,qbcore-framework,alive
qb-clothing,qbcore-framework,alive
qb-core,qbcore-framework,alive
qb-doorlock,qbcore-framework,alive
qb-drugs,qbcore-framework,alive
qb-garages,qbcore-framework,alive
qb-houses,qbcore-framework,alive
qb-hud,qbcore-framework,alive
qb-inventory,qbcore-framework,alive
qb-multicharacter,qbcore-framework,alive
qb-phone,qbcore-framework,alive
qb-policejob,qbcore-framework,alive
qb-radialmenu,qbcore-framework,alive
qb-shops,qbcore-framework,alive
qb-smallresources,qbcore-framework,alive
qb-target,qbcore-framework,unknown
qb-vehiclekeys,qbcore-framework,alive
qb-weapons,qbcore-framework,alive
QBDI,QBDI,alive
forum-java,Qbian61,unknown
qbzzt,qbzzt,alive
QConShanghai2016,QConChina,dead
qd,qd-today,unknown
qdleader,qdleader,alive
qdrant,qdrant,alive
quaterion,qdrant,dead
Qexo,Qexo,unknown
Seq2Seq_Chatbot_QA,qhduan,dead
qhull,qhull,alive
qiciengine,qiciengine,dead
QConf,Qihoo360,unknown
Quicksql,Qihoo360,unknown
qiime2,qiime2,alive
qmgo,qiniu,unknown
qshell,qiniu,alive
ibm-quantum-challenge-2021,qiskit-community,dead
qiskit-community-tutorials,qiskit-community,alive
qiskit-machine-learning,qiskit-community,alive
qiskit-metal,qiskit-community,unknown
qiskit-nature,qiskit-community,alive
qiskit-textbook,qiskit-community,dead
qiskit-translations,qiskit-community,alive
qiskit-aer,Qiskit,alive
qiskit-metapackage,Qiskit,dead
qiskit-tutorials,Qiskit,unknown
qiubaiying,qiubaiying,unknown
QuickLook,QL-Win,unknown
qLib,qLab,alive
qmk_configurator,qmk,alive
qmk_toolbox,qmk,alive
qmlbook,qmlbook,unknown
qmlnet,qmlnet,dead
qmlweb,qmlweb,unknown
QMUIDemo_iOS,QMUI,unknown
QMUI_iOS_CodeSnippets,QMUI,dead
qor-example,qor,dead
qor,qor,unknown
awesome-quantum-software,qosf,alive
qpdf,qpdf,alive
QPT,QPT-Family,alive
qpython,qpython-android,alive
qpython3,qpython-android,unknown
qq,qq8e,dead
qri,qri-io,dead
QtSwissArmyKnife,qsaker,unknown
QtDocumentCN,QtDocumentCN,unknown
QXlsx,QtExcel,alive
qTip2,qTip2,unknown
qt-solutions,qtproject,alive
qtcharts,qt,alive
quadratic,quadratichq,alive
quandl-python,quandl,dead
QuantBox_XAPI,QuantBox,dead
qfs,quantcast,alive
quantecon-notebooks-python,QuantEcon,dead
QuantEcon,QuantEcon,unknown
QuantEcon,QuantEcon,unknown
quantdigger,QuantFans,dead
qgrid,quantopian,dead
QuantSoftwareToolkit,QuantSoftware,dead
quantum-core,quantum-elixir,alive
qmsolve,quantum-visualizations,unknown
qpc,QuantumLeaps,alive
quark-engine,quark-engine,alive
quarkus-quickstarts,quarkusio,alive
quarkusio,quarkusio,alive
quartz,quartz-scheduler,unknown
quartznet,quartznet,unknown
quasar-awesome,quasarframework,alive
quasar-framework,quasarframework,dead
quasar-play,quasarframework,dead
Quasar,quasar,unknown
quassel,quassel,unknown
qucs,Qucs,unknown
que,que-rb,alive
quelpa,quelpa,alive
QMBParallaxScrollViewController,quemb,dead
QueryKit,QueryKit,unknown
QuestCraft,QuestCraftPlusPlus,alive
questdb,questdb,alive
QuestPDF,QuestPDF,alive
queue_classic,QueueClassic,unknown
quick_redis_blog,quick123official,alive
quickblox-android-sdk,QuickBlox,alive
quickblox-ios-sdk,QuickBlox,alive
quickblox-javascript-sdk,QuickBlox,alive
QB,QuickBox,dead
quickemu,quickemu-project,alive
quickgui,quickemu-project,dead
quickfixj,quickfix-j,alive
quickfix,quickfixgo,alive
quickfix,quickfix,alive
QuickJS,quickjs-zh,alive
quickwit,quickwit-oss,alive
Quick,Quick,alive
org,quiet,unknown
quiet-js,quiet,unknown
quiet-lwip,quiet,unknown
quiet,quiet,dead
quill-mention,quill-mention,alive
quill,quilljs,unknown
quilt,quiltdata,alive
quil,quil,alive
quinn,quinn-rs,alive
quirrel,quirrel-dev,unknown
quiterss,QuiteRSS,dead
qmq,qunarcorp,unknown
qunit,qunitjs,alive
quokka,quokkaproject,dead
Quaternion,quotient-im,alive
qupath,qupath,alive
qupzilla,QupZilla,dead
quran,quran,alive
quran,quran,alive
quran,quran,dead
quran,quran,unknown
quran_android,quran,alive
qutip-notebooks,qutip,dead
Qv2ray,Qv2ray,unknown
Qwen-VL,QwenLM,alive
Qwen,QwenLM,alive
qxf2-page-object-model,qxf2,unknown
qxmpp,qxmpp-project,alive
qxresearch-event-1,qxresearch,alive
qucs_s,ra3xdh,alive
upterm,railsware,dead
qq-music-api,Rain120,unknown
ramda,ramda,unknown
Questgen,ramsrigouthamg,alive
qtpylib,ranaroussi,dead
quantstats,ranaroussi,unknown
quickstart,rancher,alive
qu3e,RandyGaul,unknown
qnm,ranyitz,alive
Sew-Queen,ravindu01manoj,dead
swift-algorithm-club,raywenderlich,dead
quicksand,razorjack,dead
react-boilerplate,react-boilerplate,dead
empresas-que-usam-react-no-brasil,react-brasil,alive
react-querybuilder,react-querybuilder,alive
react-toolbox,react-toolbox,dead
RxJS,Reactive-Extensions,dead
ReactiveCocoa,ReactiveCocoa,unknown
RxJava,ReactiveX,alive
rxjs,ReactiveX,alive
RxSwift,ReactiveX,alive
react-redux,reactjs,alive
redux,reactjs,alive
react-router,ReactTraining,alive
big-companies-interview-questions,realabbas,dead
qwerty-learner-vscode,RealKai42,alive
qwerty-learner,RealKai42,alive
realm-cocoa,realm,alive
realm-java,realm,unknown
SwiftLint,realm,alive
reddit,reddit,dead
containers-quickstarts,redhat-cop,alive
redox,redox-os,dead
redux-saga,redux-saga,unknown
relax,relax,unknown
nodemon,remy,alive
Sentinel-Queries,reprise99,alive
requests,requests,unknown
request,request,dead
requirejs,requirejs,dead
resque,resque,unknown
node-restify,restify,unknown
interview-questions,resumejob,alive
go-quartz,reugn,alive
revel,revel,dead
CanvasQuery,rezoner,dead
996Quant,Rgveda,dead
QRCode,ricmoo,unknown
quicksearch,riklomas,unknown
riot,riot,unknown
free-for-dev,ripienaar,alive
rs-school-short-track-2021-Q2,rkhaslarov,dead
rkt,rkt,dead
oh-my-zsh,robbyrussell,alive
jQueryGantt,robicch,dead
quad-sdk,robomechanics,dead
QuickStartGuide,robotframework,dead
vue-api-query,robsontenorio,unknown
jQuery-slimScroll,rochal,unknown
QChatGPT,RockChinQ,unknown
nlw-06-discover,rocketseat-education,alive
priority-queue,rolling-scopes-school,dead
rollup,rollup,alive
vim-qf,romainl,alive
MockQueryable,romantitov,unknown
sage,roots,alive
ros_qtc_plugin,ros-industrial,alive
react-qr-code,rosskhanas,alive
SDWebImage,rs,alive
rtk-query,rtk-incubator,dead
QuantEcon,rtvt123,dead
es6tutorial,ruanyf,unknown
Sortable,RubaXa,alive
grape,ruby-grape,alive
quickbooks-ruby,ruckus,unknown
azure-open-ai-embeddings-qna,ruoccofabrizio,unknown
cortex-m-quickstart,rust-embedded,unknown
johnny-five,rwaldron,unknown
How-To-Ask-Questions-The-Smart-Way,ryanhanwu,alive
quicksilver,ryanisaacg,dead
LLDB-QuickLook,ryanolsonk,dead
q,ryboe,alive
CEH-Exam-Questions,ryh04x,dead
s3ql,s3ql,alive
hackathon-starter,sahat,alive
satellizer,sahat,dead
caj2pdf-qt,sainnhe,unknown
Android-QuickSideBar,saiwu-bigkoo,dead
pytorch-qrnn,salesforce,alive
plyr,sampotts,unknown
jQuery-Plugins,SamWM,dead
QSS-Skin-Builder,satchelwu,dead
qrcode,sayanarijit,unknown
QLMarkdown,sbarex,unknown
quadsort,scandum,alive
JMSJobQueueBundle,schmittjoh,dead
Qart,scola,dead
qrcode,scopewu,alive
quotesbot,scrapy,dead
scrapy,scrapy,alive
nerdtree,scrooloose,alive
DeepLearning-500-questions,scutan90,dead
lets-chat,sdelements,dead
Best-websites-a-programmer-should-visit,sdmg15,alive
AndroidQuick,sdwfqin,dead
seajs,seajs,unknown
sea-query,SeaQL,unknown
Application-Security-Engineer-Interview-Questions,security-prince,dead
select2,select2,unknown
selectize,selectize,unknown
Semantic-UI,Semantic-Org,unknown
quranjson,semarketir,unknown
reactjs-interview-questions,semlinker,dead
connect,senchalabs,dead
jQTouch,senchalabs,dead
awesome-qa,seriousran,unknown
quaggaJS,serratus,dead
devtraining-createnotes-quebec,ServiceNow,dead
devtraining-needit-quebec,ServiceNow,dead
rails_admin,sferik,alive
Qv2ray,Shadowsocks-NET,dead
libQtShadowsocks,shadowsocks,dead
shadowsocks-android,shadowsocks,unknown
shadowsocks-qt5,shadowsocks,dead
shadowsocks-windows,shadowsocks,dead
que,sheharyarn,unknown
seqkit,shenwei356,alive
Daily-Question,shfshanyue,unknown
react-quick-tutorial,shiningjason,dead
azure-mobile-apps-quickstarts,ShreyashPromact,dead
QA,shuaihuaiyi,dead
QZoneExport,ShunCai,unknown
qdirstat,shundhammer,unknown
tensorflow-deepq,siemanko,dead
quadpy,sigma-py,alive
SignalR,SignalR,unknown
simple-qrcode,SimpleSoftwareIO,unknown
sinatra,sinatra,alive
awesome,sindresorhus,alive
p-queue,sindresorhus,alive
query-string,sindresorhus,unknown
quick-look-plugins,sindresorhus,unknown
quick-lru,sindresorhus,alive
flutter-quill,singerdmx,alive
Sitecore-Azure-Quickstart-Templates,Sitecore,alive
go-qrcode,skip2,dead
QuickSwitch,skittles9823,alive
QtAutoUpdater,Skycoder42,unknown
vim-quickui,skywind3000,alive
SlackTextViewController,slackhq,dead
graphql-query-complexity,slicknode,unknown
Slim,slimphp,unknown
QLScriptPublic,smallfawn,alive
CompetitiveProgrammingQuestionBank,smv1999,unknown
QA-Snake,SnakeHacker,dead
socket,socketio,alive
quicklens,softwaremill,alive
you-get,soimort,unknown
node-qrcode,soldair,alive
GraphpostgresQL,solidsnack,dead
prezto,sorin-ionescu,alive
Malio-Theme-for-SSPANEL-By-GeekQu,sosomoo,dead
awesome-quincy-larson-emails,sourabh-joshi,alive
QuoJS,soyjavi,dead
Fast-Quadric-Mesh-Simplification,sp4cerat,unknown
laravel-query-builder,spatie,alive
laravel-queueable-action,spatie,unknown
luigi,spotify,alive
deep_q_rl,spragunr,dead
qtawesome,spyder-ide,unknown
qtpy,spyder-ide,alive
querybuilder,sqlkata,alive
sqlmap,sqlmapproject,alive
leakcanary,square,alive
okhttp,square,alive
picasso,square,unknown
retrofit,square,alive
machine-learning-interview-questions,Sroy20,dead
react-query-tutorial,ssi02014,alive
burger-queen-api-mock,ssinuco,alive
qsym,sslab-gatech,unknown
quicktile,ssokolow,alive
quazip,stachenov,unknown
Dapper,StackExchange,alive
standard,standard,alive
StanfordQuadruped,stanfordroboticsclub,dead
quivr,StanGirard,alive
jq,stedolan,alive
Quality-Tools-for-Android,stephanenicolas,dead
GraphQLCasts,StephenGrider,dead
Lyrical-GraphQL,StephenGrider,alive
android-interview-questions-cn,stormzhang,dead
jQuery-rwdImageMaps,stowball,dead
interchain-queries,Stride-Labs,dead
Quirk,Strilanc,unknown
loopback,strongloop,dead
styled-components,styled-components,unknown
stylus,stylus,alive
node-browserify,substack,alive
angular-interview-questions,sudheerj,alive
javascript-interview-questions,sudheerj,alive
reactjs-interview-questions,sudheerj,alive
vuejs-interview-questions,sudheerj,unknown
Awesome-qr,sumimakito,unknown
AwesomeQRCode,sumimakito,dead
vue-quill-editor,surmon-china,unknown
Rules-For-Quantumult-X,sve1r,alive
svelte-query,SvelteStack,alive
svgo,svg,alive
swagger-ui,swagger-api,alive
jQuery-contextMenu,swisnl,unknown
GraphQLmap,swisskyrepo,unknown
syncthing,syncthing,alive
systemjs,systemjs,unknown
lab-mysql-first-queries,ta-data-lis,alive
Security_Engineer_Interview_Questions,tadwhitaker,alive
quick-xml,tafia,alive
tailwindcss-container-queries,tailwindlabs,unknown
Aristo-jQuery-UI-Theme,taitems,alive
vscode-qq,takayama-lily,dead
simple_dqn,tambetm,dead
Stop-Ask-Questions-The-Stupid-Ways,tangx,unknown
react-query-devtools,tannerlinsley,dead
query,TanStack,alive
QuantumultX-Script,Tartarus2014,dead
PyQt5-Apps,taseikyo,dead
todomvc,tastejs,alive
quinesnake,taylorconor,dead
questions-for-employers,tBaxter,alive
java-string-similarity,tdebatty,unknown
Question-Generation-Paper-List,teacherpeterpan,dead
capybara,teamcapybara,unknown
project-redux-quiz-old,Technigo,dead
querypath,technosophos,unknown
quill,techx,dead
mars,Tencent,alive
QMUI_Android,Tencent,unknown
QMUI_iOS,Tencent,unknown
QMUI_Web,Tencent,unknown
models,tensorflow,unknown
quantum,tensorflow,unknown
tesseract,tesseract-ocr,alive
textmate,textmate,dead
qt,therecipe,dead
qr,theyakka,alive
devdocs,Thibaut,alive
vim-quickrun,thinca,dead
starter-solving-problems-with-stacks-and-queues,Thinkful-Ed,dead
starter-stacks-queues,Thinkful-Ed,dead
bootswatch,thomaspark,alive
bourbon,thoughtbot,unknown
paperclip,thoughtbot,unknown
QNASMINI,thunder439,dead
awesome-quant,thuquant,dead
QuickNews,tigerguixh,dead
SpringBootQuartz,tjfy1992,dead
commander,tj,alive
qstock,tkfy920,dead
questionary,tmbo,alive
test-queue,tmm1,alive
jsdom,tmpvar,unknown
tmux,tmux,alive
py-apple-quadruped-robot,ToanTech,dead
QtQuickExample,toby20130333,dead
public-apis,toddmotto,dead
qlmarkdown,toland,unknown
weapp-qrcode,tomfriwel,alive
qsreplace,tomnomnom,alive
django_quiz,tomwalker,dead
ehentai-qt,tonquer,alive
JMComic-qt,tonquer,alive
picacg-qt,tonquer,unknown
think-queue,top-think,alive
torch7,torch,dead
tornado,tornadoweb,alive
vim-fugitive,tpope,alive
DynQRs,trendingtechbiz,dead
jQuery-Timepicker-Addon,trentrichardson,unknown
WebQuake,Triang3l,dead
test-your-sysadmin-skills,trimstray,dead
hector_quadrotor,tu-darmstadt-ros-pkg,unknown
back-end-developer-interview-questions,tvandame,dead
How-To-Ask-Questions-The-Smart-Way,tvvocold,alive
bootstrap-sass,twbs,unknown
ratchet,twbs,dead
video-quickstart-js,twilio,unknown
SDE-Interview-Questions,twowaits,dead
Qix,ty4z2008,unknown
BigQuery-Python,tylertreat,unknown
quickchart,typpo,alive
elementQuery,tysonmatanich,dead
Quick-Cocos2dx-Community,u0u0,unknown
queryparser,uber,unknown
AdvancedAndroid_ClassicalMusicQuiz,udacity,alive
CarND-MPC-Quizzes,udacity,unknown
RL-Quadcopter-2,udacity,unknown
ud843-QuakeReport,udacity,alive
quickstart-compose,UffizziCloud,unknown
Qbot,UFund-Me,alive
uikit,uikit,alive
react-awesome-query-builder,ukrbublik,alive
qiankun,umijs,alive
umi-plugin-qiankun,umijs,dead
qt-material,UN-GCPDS,unknown
quick-scope,unblevable,alive
uWebSockets,uNetworking,alive
pm2,Unitech,dead
zsh-quickstart-kit,unixorn,alive
intro,usablica,unknown
qbittorrent-nox-static,userdocs,alive
EasyQRCodeJS,ushelp,alive
QuickDraw,uvipen,alive
qskinny,uwerat,alive
bootstrap-datepicker,uxsolutions,unknown
quantium-starter-repo,vagabond-systems,dead
YouCompleteMe,Valloric,unknown
quicktemplate,valyala,dead
vapor,vapor,alive
quiver,varkor,alive
spring-boot-quick,vector4wang,alive
awesome-docker,veggiemonk,alive
first-quiz,VelezReyes,unknown
1on1-questions,VGraupera,alive
jQuery-Form-Validator,victorjonsson,dead
video,videojs,alive
vim-airline,vim-airline,unknown
syntastic,vim-syntastic,dead
Qogir-icon-theme,vinceliuice,alive
Qogir-theme,vinceliuice,alive
vb-android-app-quality,vincentbrison,dead
inspirational-quotes,vinitshahdeo,unknown
awesome-python,vinta,unknown
QQrobot,vipjeffreylee,dead
qwx,vipjeffreylee,dead
superagent,visionmedia,unknown
qobuz-dl,vitiko98,alive
QA_bible,VladislavEremeev,alive
vlc-qt,vlc-qt,dead
awesome-ios,vsouza,alive
empresas-que-usam-vue-no-brasil,vuejs-br,unknown
awesome-vue,vuejs,unknown
vue,vuejs,alive
vuex,vuejs,unknown
vue-quill,vueup,unknown
nuklear,vurtun,dead
js--interview-questions,vvscode,unknown
laravel-queue-rabbitmq,vyuldashev,unknown
QuantumultX,w37fhy,alive
BrowserQuest-PHP,walkor,unknown
quokka,wallabyjs,alive
Modern_GUI_PyDracula_PySide6_or_PyQt6,Wanderson-Magalhaes,dead
PyOneDark_Qt_Widgets_Modern_GUI,Wanderson-Magalhaes,dead
QtAV,wang-bin,unknown
wks-quickstart-firekube,weaveworks,alive
Qualitis,WeBankFinTech,alive
design,WebAssembly,alive
JavaScript-Quiz-App,WebDevSimplified,dead
webtorrent,webtorrent,alive
wekan,wekan,alive
QrAndBarcodeScanner,wewewe718,dead
QA-deep-learning,white127,dead
paper-qa,whitead,alive
qlstephen,whomwah,unknown
qinglong,whyour,alive
Express-Quests,WildCodeSchool,alive
quest-java-collection1,WildCodeSchool,dead
quest-java-oop3,WildCodeSchool,dead
quest-spring-jpa-hibernate,WildCodeSchool,dead
quest-spring-jpa-manytomany,WildCodeSchool,dead
quest-spring-jpa-onetomany,WildCodeSchool,dead
quickstart,wildfly,alive
qiniuClient,willnewii,unknown
awesome-quant,wilsonfreitas,alive
winston,winstonjs,alive
qBitTorrent-fluent-theme,witalihirsch,alive
WizQTClient,WizTeam,dead
vue-quasar-admin,wjkang,alive
stackoverflow-py-top-qa,wklken,unknown
qlibc,wolkykim,alive
awesome-quantified-self,woop,alive
QP-Gallery-Releases,WSTxda,alive
qrcode_scanner,wu9007,dead
chatgpt-query-engineer-handbook,wuchangming,dead
GoogleLibraryVersionQuerier,wuyr,dead
front-end-interview-questions,wwwebman,alive
handlebars,wycats,alive
amazing-qr,x-hw,unknown
LeadQualifier,xeneta,dead
qqbot,xhan,dead
SmallAppForQQ,xiehui999,dead
gold-miner,xitu,unknown
qspectrumanalyzer,xmikos,dead
QtExamples,XMuli,alive
jQuery-Tags-Input,xoxco,dead
PHP-Minecraft-Query,xPaw,unknown
PHP-Source-Query,xPaw,alive
Trojan-Qt5,xswvfr,dead
XX-Net,XX-net,alive
quizXue,xyy261,dead
qrpicture,xyzzy,dead
medium-editor,yabwe,dead
QuickGraph,YaccConstructor,dead
python_interview_questions,yakimka,alive
MovieQuiz-ios,Yandex-Practicum,dead
QA-java-diplom-1,yandex-praktikum,alive
QuantumultX,yangtingxiao,dead
quadratic-equation,yankouskia,dead
QRCodeReader,yannickl,dead
QRCodeReaderViewController,yannickl,dead
Keras-FlappyBird,yanpanlau,dead
Chinese-LangChain,yanqiangmiffy,dead
yarn,yarnpkg,unknown
QQBubbleView,Yasic,dead
interview-questions,YauhenKavalchuk,alive
quiz,yegor256,alive
DeepLearningFlappyBird,yenchenlin,dead
yeoman,yeoman,dead
yii2-queue,yiisoft,alive
weapp-qrcode,yingye,dead
SmartQQBot,Yinzo,dead
go-queue,yireyun,alive
QQ-History-Backup,Yiyiyimu,dead
local-ai-stack,ykhli,alive
Angular-Interview-Questions,Yonet,dead
QIIME2ChineseManual,YongxinLiu,alive
GraphQL,youshido-php,unknown
Data-Science-Interview-Questions-Answers,youssefHosni,unknown
QuantumultX,yqc007,alive
quadrotor,yrlu,alive
QuestionAnsweringSystem,ysc,dead
q_algorithm,yuanfengyun,unknown
QCoolPage,YYC572652645,dead
rinha-de-backend-2023-q3,zanfranceschi,dead
QMPlay2,zaps166,alive
hyper,zeit,alive
pkg,zeit,unknown
qqzeng-ip,zengzhan,alive
react-quill,zenoamaro,unknown
go-queue,zeromicro,alive
QQRobot,zeruniverse,dead
q,zestyping,alive
quartzui,zhaopeiym,unknown
QtQuickExamples,zhengtianzuo,unknown
QASystemOnMedicalGraph,zhihao-chen,dead
PyQt-Fluent-Widgets,zhiyiYo,alive
AiQiangGUO,zhuxuedefeng,dead
awesome-php,ziadoz,dead
zio-quill,zio,alive
quest-helper,Zoinkwiz,alive
qrcode,zpao,alive
rule_for_quantumultX,zqzess,alive
quick_psd2ugui,zs9024,unknown
zxing,zxing,alive
Datascience-Interview-Questions,zzsza,dead
